x,y,z,file_path,plane,length,width,height
169.52772861601008,118.78059268999037,134.1207712923537,../upper_nifti/case-103530_BONE_H-N-UXT_3X3.nii.gz,xz,139.5590087890625,194.3819122314453,194.19122314453125
169.52772861601008,113.78059268999036,129.1207712923537,../upper_nifti/case-103530_BONE_H-N-UXT_3X3.nii.gz,yz,139.5590057373047,163.28080627441403,205.84269653320314
294.09341012617506,224.858213966937,127.25214273853908,../upper_nifti/case-100010_BONE_H-N-UXT_3X3.nii.gz,xz,133.4265899658203,191.0896453857422,217.88150268554688
294.09341012617506,224.858213966937,122.25214273853908,../upper_nifti/case-100010_BONE_H-N-UXT_3X3.nii.gz,yz,133.4265899658203,191.0896453857422,217.88150024414062
295.1073008519205,281.6746744383141,113.75732521564511,../upper_nifti/case-100012_BONE_H-N-UXT_3X3.nii.gz,xz,145.64918518066406,226.29624938964844,204.06768249511717
295.1073008519205,281.6746744383141,113.75732521564512,../upper_nifti/case-100012_BONE_H-N-UXT_3X3.nii.gz,yz,145.64918518066406,226.29624938964844,204.06768798828125
252.16962968400523,188.47657579516135,119.6250301496351,../upper_nifti/case-100014_BONE_H-N-UXT_3X3.nii.gz,xz,128.71821594238284,208.1956787109375,187.9940643310547
252.16962968400523,188.47657579516135,114.62503014963511,../upper_nifti/case-100014_BONE_H-N-UXT_3X3.nii.gz,yz,128.71821594238284,208.1956787109375,187.9940643310547
252.60973372082904,259.0897905241476,106.4139314438554,../upper_nifti/case-100021_BONE_H-N-UXT_3X3.nii.gz,xz,139.84323120117185,223.9261016845703,194.7928540039062
252.60973372082904,259.0897905241476,106.4139314438554,../upper_nifti/case-100021_BONE_H-N-UXT_3X3.nii.gz,yz,139.84323120117185,223.9261016845703,194.7928466796875
322.3332465876101,203.88066820994027,117.04281275436993,../upper_nifti/case-100038_BONE_H-N-UXT_3X3.nii.gz,xz,123.59515136718755,205.94789123535156,169.89608398437503
322.3332465876101,203.88066820994027,117.04281275436992,../upper_nifti/case-100038_BONE_H-N-UXT_3X3.nii.gz,yz,123.59515380859375,205.94789123535156,169.89608764648438
291.9728202495127,172.09612390476008,119.97002867962365,../upper_nifti/case-100063_BONE_H-N-UXT_3X3.nii.gz,xz,136.19690521240238,205.27638244628906,221.2703247070313
291.9728202495127,172.09612390476008,119.97002867962365,../upper_nifti/case-100063_BONE_H-N-UXT_3X3.nii.gz,yz,136.1968994140625,205.27638244628906,221.27032470703125
215.90658370700763,184.3782154264219,116.47516031291224,../upper_nifti/case-100065_BONE_H-N-UXT_3X3.nii.gz,xz,136.1906597900391,213.6033172607422,194.4584802246094
215.90658370700763,189.3782154264219,116.47516031291224,../upper_nifti/case-100065_BONE_H-N-UXT_3X3.nii.gz,yz,136.1906585693359,196.51505187988278,194.45848083496094
371.31827628132714,282.5078451161632,102.29587098156254,../upper_nifti/case-100081_BONE_H-N-UXT_3X3.nii.gz,xz,129.49813842773438,178.35829162597656,186.20147705078125
371.3182762813272,282.5078451161632,102.29587098156253,../upper_nifti/case-100081_BONE_H-N-UXT_3X3.nii.gz,yz,129.49813842773438,178.35829162597656,186.20147705078125
248.9095319255954,226.63201499553108,118.19645332422022,../upper_nifti/case-100084_BONE_H-N-UXT_3X3.nii.gz,xz,133.578857421875,185.27644348144534,210.07273864746094
248.9095319255954,226.6320149955311,118.19645332422022,../upper_nifti/case-100084_BONE_H-N-UXT_3X3.nii.gz,yz,133.578857421875,185.2764434814453,210.07273864746094
277.3130408462883,214.17819472794844,120.60944709890036,../upper_nifti/case-100087_BONE_H-N-UXT_3X3.nii.gz,xz,133.0192413330078,189.549560546875,211.75949096679688
277.3130408462883,214.17819472794844,120.60944709890038,../upper_nifti/case-100087_BONE_H-N-UXT_3X3.nii.gz,yz,133.0192413330078,189.549560546875,211.75949096679688
321.4648520315882,259.33693973904496,118.7273238149849,../upper_nifti/case-100099_BONE_H-N-UXT_3X3.nii.gz,xz,128.4550437927246,211.77352905273438,208.99806213378906
321.4648520315882,259.33693973904496,113.7273238149849,../upper_nifti/case-100099_BONE_H-N-UXT_3X3.nii.gz,yz,128.45504760742188,207.5380584716797,208.99806213378906
328.0324986654716,198.15646529263722,120.03498151551591,../upper_nifti/case-100114_BONE_H-N-UXT_3X3.nii.gz,xz,127.37881164550777,187.76268005371094,201.0498559570313
328.0324986654716,198.1564652926372,120.03498151551591,../upper_nifti/case-100114_BONE_H-N-UXT_3X3.nii.gz,yz,127.37881469726562,187.76268005371097,201.0498504638672
294.7764059974414,143.23199179198943,123.68897894626605,../upper_nifti/case-100121_BONE_H-N-UXT_3X3.nii.gz,xz,142.18910751342776,195.94664001464844,200.12708740234376
294.7764059974414,138.23199179198943,123.68897894626602,../upper_nifti/case-100121_BONE_H-N-UXT_3X3.nii.gz,yz,142.18910217285156,195.94664001464844,200.12709045410156
216.3857881409937,132.74096906639335,106.51181228190978,../upper_nifti/case-100122_BONE_H-N-UXT_3X3.nii.gz,xz,150.82238616943363,231.0728302001953,180.88455078125003
216.3857881409937,132.74096906639335,106.51181228190978,../upper_nifti/case-100122_BONE_H-N-UXT_3X3.nii.gz,yz,150.82238769531247,217.20846038818354,180.88455200195312
219.97813554130175,186.32712372519114,115.93645914009608,../upper_nifti/case-100125_BONE_H-N-UXT_3X3.nii.gz,xz,116.23028564453125,189.21310424804688,213.53048400878907
219.9781355413017,186.3271237251912,115.93645914009608,../upper_nifti/case-100125_BONE_H-N-UXT_3X3.nii.gz,yz,116.23028564453125,166.5075317382812,213.53048706054688
277.73014831098703,194.18518801217107,91.17984907737176,../upper_nifti/case-100129_BONE_H-N-UXT_3X3.nii.gz,xz,127.05832275390628,203.22361755371094,161.80510559082035
277.73014831098703,194.18518801217107,91.17984907737176,../upper_nifti/case-100129_BONE_H-N-UXT_3X3.nii.gz,yz,127.05831909179688,203.22361755371094,161.8050994873047
313.22762547029504,192.14234953432515,105.46397749650099,../upper_nifti/case-100131_BONE_H-N-UXT_3X3.nii.gz,xz,141.71293869018552,219.97682189941406,162.64390228271486
313.22762547029504,192.14234953432515,105.463977496501,../upper_nifti/case-100131_BONE_H-N-UXT_3X3.nii.gz,yz,141.7129364013672,219.97682189941406,162.64390563964844
292.8484663354417,174.62886585012598,99.09597694256446,../upper_nifti/case-100139_BONE_H-N-UXT_3X3.nii.gz,xz,137.26685302734379,216.621826171875,183.40069763183595
292.8484663354417,174.62886585012598,99.09597694256448,../upper_nifti/case-100139_BONE_H-N-UXT_3X3.nii.gz,yz,137.266845703125,216.621826171875,183.40069580078125
359.14984177212057,249.41406380299827,126.06058077170405,../upper_nifti/case-100155_BONE_H-N-UXT_3X3.nii.gz,xz,149.98121734619144,210.34307861328125,223.2087921142578
359.14984177212057,249.41406380299827,126.06058077170405,../upper_nifti/case-100155_BONE_H-N-UXT_3X3.nii.gz,yz,149.98121643066406,210.34307861328125,223.2087860107422
341.257931746074,213.665341997151,122.79681192607089,../upper_nifti/case-100160_BONE_H-N-UXT_3X3.nii.gz,xz,149.99151519775398,212.5929870605469,194.10205322265625
341.257931746074,213.665341997151,122.79681192607089,../upper_nifti/case-100160_BONE_H-N-UXT_3X3.nii.gz,yz,149.99151611328125,212.5929870605469,194.10205078125
312.53484726351564,205.6481813949922,113.29995424997796,../upper_nifti/case-100164_BONE_H-N-UXT_3X3.nii.gz,xz,134.02156250000004,182.8981475830078,187.05198486328123
312.53484726351564,205.6481813949922,113.29995424997796,../upper_nifti/case-100164_BONE_H-N-UXT_3X3.nii.gz,yz,134.0215606689453,179.2401846313477,187.05198669433594
232.21750075683946,178.68818139420927,128.2695352795012,../upper_nifti/case-100169_BONE_H-N-UXT_3X3.nii.gz,xz,138.44365692138672,209.88165283203125,217.6577209472656
232.2175007568394,178.68818139420927,128.2695352795012,../upper_nifti/case-100169_BONE_H-N-UXT_3X3.nii.gz,yz,138.4436492919922,209.88165283203125,217.65771484375
315.3581260333034,221.00948343355512,110.76945899513822,../upper_nifti/case-104754_BONE_H-N-UXT_3X3.nii.gz,xz,136.79242553710935,221.66670227050784,176.6819995117188
315.3581260333034,221.00948343355512,110.76945899513822,../upper_nifti/case-104754_BONE_H-N-UXT_3X3.nii.gz,yz,136.79241943359375,221.66670227050784,176.6820068359375
305.5853703780019,236.8054657134657,112.01880636207447,../upper_nifti/case-104780_BONE_H-N-UXT_3X3.nii.gz,xz,132.99425476074222,219.46815490722656,191.09311096191408
305.5853703780019,236.8054657134657,112.01880636207449,../upper_nifti/case-104780_BONE_H-N-UXT_3X3.nii.gz,yz,132.99424743652344,219.46815490722656,191.09310913085938
294.07879081334977,210.6643880577176,119.36735856299642,../upper_nifti/case-104804_BONE_H-N-UXT_3X3.nii.gz,xz,141.87292419433595,202.4470672607422,197.86864532470705
294.07879081334977,210.6643880577176,119.36735856299642,../upper_nifti/case-104804_BONE_H-N-UXT_3X3.nii.gz,yz,141.8729248046875,202.4470672607422,197.86865234375
250.97480116757367,217.9235107970121,111.06882108469821,../upper_nifti/case-104810_BONE_H-N-UXT_3X3.nii.gz,xz,142.00833129882812,227.64312744140625,179.072080078125
250.97480116757367,217.9235107970121,111.06882108469821,../upper_nifti/case-104810_BONE_H-N-UXT_3X3.nii.gz,yz,142.00833129882812,227.64312744140625,179.07208251953125
318.11647785586786,162.4483347976902,107.24691720240597,../upper_nifti/case-104828_BONE_H-N-UXT_3X3.nii.gz,xz,142.62364379882817,174.88885498046875,140.16092376708986
318.11647785586786,162.4483347976902,112.24691720240597,../upper_nifti/case-104828_BONE_H-N-UXT_3X3.nii.gz,yz,142.62364196777344,174.88885498046875,145.76735595703127
249.16773554234732,227.90573751086112,112.10973518929904,../upper_nifti/case-104840_BONE_H-N-UXT_3X3.nii.gz,xz,139.76219421386722,234.8944549560547,193.7474328613281
249.1677355423473,227.90573751086112,112.10973518929904,../upper_nifti/case-104840_BONE_H-N-UXT_3X3.nii.gz,yz,139.7621917724609,211.40500946044918,193.7474365234375
313.7445670121521,205.50297725693426,117.39027450375477,../upper_nifti/case-104842_BONE_H-N-UXT_3X3.nii.gz,xz,139.02674179077152,207.6268005371094,203.63526763916013
313.7445670121521,205.50297725693423,117.39027450375477,../upper_nifti/case-104842_BONE_H-N-UXT_3X3.nii.gz,yz,139.02674865722656,207.62680053710938,203.63526916503906
258.53249869930164,204.38986138698,118.10895706374254,../upper_nifti/case-104861_BONE_H-N-UXT_3X3.nii.gz,xz,141.6571710205078,237.4584197998047,213.01042236328124
258.53249869930164,204.38986138698,118.10895706374254,../upper_nifti/case-104861_BONE_H-N-UXT_3X3.nii.gz,yz,141.65716552734375,208.96340942382812,217.27063018798827
227.00536495452982,192.6065212314842,111.39468912097998,../upper_nifti/case-104899_BONE_H-N-UXT_3X3.nii.gz,xz,138.51547607421872,201.51916503906247,204.99363708496094
227.00536495452985,192.6065212314842,111.39468912097998,../upper_nifti/case-104899_BONE_H-N-UXT_3X3.nii.gz,yz,138.51547241210938,185.3976318359375,204.99363708496094
263.1213872024507,117.94313258360577,120.2396329560739,../upper_nifti/case-104910_BONE_H-N-UXT_3X3.nii.gz,xz,140.6673825073242,198.4586639404297,204.4029052734375
263.1213872024507,117.94313258360575,120.2396329560739,../upper_nifti/case-104910_BONE_H-N-UXT_3X3.nii.gz,yz,140.66738891601562,190.5203173828125,204.4029083251953
287.191046260099,217.35174062542876,107.21171534494533,../upper_nifti/case-104936_BONE_H-N-UXT_3X3.nii.gz,xz,133.53088760375977,204.31622314453125,185.36615753173828
287.191046260099,217.35174062542876,107.21171534494533,../upper_nifti/case-104936_BONE_H-N-UXT_3X3.nii.gz,yz,133.5308837890625,196.14357421875002,185.36614990234375
352.09003109124694,230.0839173927923,101.75723877706875,../upper_nifti/case-104941_BONE_H-N-UXT_3X3.nii.gz,xz,129.1900283813477,200.00531005859372,177.63378417968755
352.09003109124694,235.0839173927923,101.75723877706875,../upper_nifti/case-104941_BONE_H-N-UXT_3X3.nii.gz,yz,129.19003295898438,200.00531005859372,177.6337890625
271.93440518367885,136.97606462436164,128.15521981165827,../upper_nifti/case-104953_BONE_H-N-UXT_3X3.nii.gz,xz,147.32634429931647,204.31622314453125,228.39347167968754
271.93440518367885,136.97606462436164,128.15521981165827,../upper_nifti/case-104953_BONE_H-N-UXT_3X3.nii.gz,yz,147.3263397216797,192.0572497558594,223.82560882568356
249.92516114744512,132.92569942644445,110.1747242920465,../upper_nifti/case-104970_BONE_H-N-UXT_3X3.nii.gz,xz,143.28752639770508,174.54893493652344,190.06551818847657
249.92516114744512,132.92569942644445,110.1747242920465,../upper_nifti/case-104970_BONE_H-N-UXT_3X3.nii.gz,yz,143.2875213623047,174.54893493652344,190.06552124023438
231.76408811430395,229.19077798253238,99.04424335022433,../upper_nifti/case-110378_BONE_H-N-UXT_3X3.nii.gz,xz,143.0814013671876,102.53108215332031,189.04824829101562
276.76408811430395,169.19077798253238,99.04424335022435,../upper_nifti/case-110378_BONE_H-N-UXT_3X3.nii.gz,yz,63.87562561035156,233.77086730957046,192.82921325683594
286.76408811430395,229.19077798253238,124.04424335022435,../upper_nifti/case-110382_BONE_H-N-UXT_3X3.nii.gz,xz,145.63642639160162,102.53108215332031,211.73403808593753
276.76408811430395,194.19077798253238,124.04424335022435,../upper_nifti/case-110382_BONE_H-N-UXT_3X3.nii.gz,yz,63.87562561035156,200.96092102050787,200.39114318847658
331.76408811430395,229.19077798253238,109.04424335022433,../upper_nifti/case-110393_BONE_H-N-UXT_3X3.nii.gz,xz,149.4689639282227,102.53108215332031,192.82921325683594
276.76408811430395,204.19077798253238,109.04424335022433,../upper_nifti/case-110393_BONE_H-N-UXT_3X3.nii.gz,yz,63.87562561035156,215.31527252197273,185.2672833251953
301.76408811430395,229.19077798253238,109.04424335022433,../upper_nifti/case-110399_BONE_H-N-UXT_3X3.nii.gz,xz,160.966576538086,102.53108215332031,196.61017822265626
276.76408811430395,149.19077798253238,109.04424335022435,../upper_nifti/case-110399_BONE_H-N-UXT_3X3.nii.gz,yz,63.87562561035156,194.80905609130866,192.82921325683594
291.76408811430395,229.19077798253238,104.04424335022433,../upper_nifti/case-110402_BONE_H-N-UXT_3X3.nii.gz,xz,130.30627624511726,102.53108215332031,192.82921325683594
276.76408811430395,149.19077798253238,109.04424335022435,../upper_nifti/case-110402_BONE_H-N-UXT_3X3.nii.gz,yz,63.87562561035156,200.9609210205079,192.82921325683594
276.76408811430395,229.19077798253238,89.04424335022435,../upper_nifti/case-110447_BONE_H-N-UXT_3X3.nii.gz,xz,153.3015014648438,102.53108215332031,189.04824829101562
276.76408811430395,149.19077798253238,89.04424335022433,../upper_nifti/case-110447_BONE_H-N-UXT_3X3.nii.gz,yz,5.0,239.92273223876964,181.486318359375
341.76408811430395,229.19077798253238,119.04424335022433,../upper_nifti/case-110519_BONE_H-N-UXT_3X3.nii.gz,xz,166.07662658691413,5.0,226.8578979492188
276.76408811430395,209.19077798253238,119.04424335022433,../upper_nifti/case-110519_BONE_H-N-UXT_3X3.nii.gz,yz,5.0,194.80905609130866,211.73403808593753
301.76408811430395,229.19077798253238,114.04424335022433,../upper_nifti/case-110559_BONE_H-N-UXT_3X3.nii.gz,xz,153.3015014648438,5.0,219.29596801757816
276.76408811430395,259.1907779825324,114.04424335022433,../upper_nifti/case-110559_BONE_H-N-UXT_3X3.nii.gz,yz,5.0,225.56838073730478,207.9530731201172
261.76408811430395,229.19077798253238,119.04424335022433,../upper_nifti/case-110588_BONE_H-N-UXT_3X3.nii.gz,xz,145.63642639160162,5.0,234.4198278808594
276.76408811430395,134.19077798253238,119.04424335022435,../upper_nifti/case-110588_BONE_H-N-UXT_3X3.nii.gz,yz,5.0,203.01154266357435,238.20079284667975
251.76408811430395,229.19077798253238,109.04424335022433,../upper_nifti/case-110628_BONE_H-N-UXT_3X3.nii.gz,xz,171.1866766357423,5.0,219.29596801757816
251.76408811430395,154.1907779825324,109.04424335022432,../upper_nifti/case-110628_BONE_H-N-UXT_3X3.nii.gz,yz,5.0,215.20000000000567,206.13821624755855
276.76408811430395,229.19077798253238,109.04424335022435,../upper_nifti/case-110636_BONE_H-N-UXT_3X3.nii.gz,xz,167.3541390991212,5.0,219.29596801757816
276.76408811430395,144.19077798253238,114.04424335022435,../upper_nifti/case-110636_BONE_H-N-UXT_3X3.nii.gz,yz,5.0,198.9102993774415,214.9100552368164
271.76408811430395,229.19077798253238,109.04424335022433,../upper_nifti/case-110640_BONE_H-N-UXT_3X3.nii.gz,xz,136.69383880615237,5.0,204.1721081542969
271.76408811430395,134.19077798253238,109.04424335022432,../upper_nifti/case-110640_BONE_H-N-UXT_3X3.nii.gz,yz,5.0,229.66962402343762,208.25554595947267
271.76408811430395,229.19077798253238,119.04424335022433,../upper_nifti/case-110649_BONE_H-N-UXT_3X3.nii.gz,xz,155.85652648925793,5.0,207.9530731201172
271.76408811430395,189.19077798253238,114.04424335022432,../upper_nifti/case-110649_BONE_H-N-UXT_3X3.nii.gz,yz,5.0,198.91029937744153,203.79401763916013
251.76408811430395,229.19077798253238,104.04424335022433,../upper_nifti/case-110664_BONE_H-N-UXT_3X3.nii.gz,xz,145.63642639160162,5.0,192.82921325683594
251.76408811430395,149.19077798253238,104.04424335022432,../upper_nifti/case-110664_BONE_H-N-UXT_3X3.nii.gz,yz,5.0,209.16340759277352,185.1160400390625
256.76408811430395,229.19077798253238,114.04424335022433,../upper_nifti/case-110671_BONE_H-N-UXT_3X3.nii.gz,xz,137.97135131835944,5.0,215.51500305175784
256.76408811430395,129.19077798253238,114.04424335022432,../upper_nifti/case-110671_BONE_H-N-UXT_3X3.nii.gz,yz,5.0,180.4547045898438,211.20469940185546
261.76408811430395,229.19077798253238,114.04424335022435,../upper_nifti/case-110697_BONE_H-N-UXT_3X3.nii.gz,xz,148.19145141601572,5.0,207.9530731201172
261.76408811430395,179.19077798253238,114.04424335022435,../upper_nifti/case-110697_BONE_H-N-UXT_3X3.nii.gz,yz,5.0,213.2646508789063,203.7940176391602
306.76408811430395,229.19077798253238,129.04424335022435,../upper_nifti/case-110705_BONE_H-N-UXT_3X3.nii.gz,xz,150.74647644042977,5.0,230.6388629150391
306.76408811430395,204.19077798253238,124.04424335022435,../upper_nifti/case-110705_BONE_H-N-UXT_3X3.nii.gz,yz,5.0,215.31527252197273,226.02609283447265
301.8251158966877,152.26617154679965,110.75319438016226,../upper_nifti/case-102321_BONE_H-N-UXT_3X3.nii.gz,xz,147.4859603881836,5.0,206.50443359375004
301.8251158966877,154.19077798253238,110.75319438016226,../upper_nifti/case-102321_BONE_H-N-UXT_3X3.nii.gz,yz,5.0,196.85967773437505,202.37435150146484
185.6147019745912,226.9237970211912,100.83656021631592,../upper_nifti/case-102367_BONE_H-N-UXT_3X3.nii.gz,xz,145.3232727050781,5.0,194.0468292236328
185.6147019745912,229.19077798253238,95.83656021631592,../upper_nifti/case-102367_BONE_H-N-UXT_3X3.nii.gz,yz,5.0,196.85967773437505,174.64214630126952
195.65193775073286,195.81267476286268,121.86441222144425,../upper_nifti/case-102381_BONE_H-N-UXT_3X3.nii.gz,xz,139.7698931884766,5.0,232.13014160156254
195.65193775073288,194.19077798253238,121.86441222144424,../upper_nifti/case-102381_BONE_H-N-UXT_3X3.nii.gz,yz,5.0,186.606569519043,218.20233367919923
245.65891879739246,173.25293455935207,102.3724909007831,../upper_nifti/case-102388_BONE_H-N-UXT_3X3.nii.gz,xz,158.5970581054688,5.0,186.14515869140627
245.6589187973925,174.19077798253238,97.3724909007831,../upper_nifti/case-102388_BONE_H-N-UXT_3X3.nii.gz,yz,5.0,225.56838073730478,178.69935058593745
296.5603250875572,269.7759684276811,108.00786000884875,../upper_nifti/case-102421_BONE_H-N-UXT_3X3.nii.gz,xz,164.64632446289068,5.0,210.30274810791013
296.5603250875572,269.1907779825324,108.00786000884875,../upper_nifti/case-102421_BONE_H-N-UXT_3X3.nii.gz,yz,5.0,211.21402923583992,201.8906396484375
284.57214104802995,234.52407764076412,112.44176422102328,../upper_nifti/case-102831_BONE_H-N-UXT_3X3.nii.gz,xz,155.12007446289067,5.0,216.52471435546875
284.57214104802995,239.19077798253238,112.44176422102328,../upper_nifti/case-102831_BONE_H-N-UXT_3X3.nii.gz,yz,5.0,186.606569519043,207.86373046874996
255.05129653717444,218.03832643219613,109.68989486264049,../upper_nifti/case-102838_BONE_H-N-UXT_3X3.nii.gz,xz,168.20910583496095,5.0,222.69193725585941
255.05129653717444,219.19077798253238,99.6898948626405,../upper_nifti/case-102838_BONE_H-N-UXT_3X3.nii.gz,yz,5.0,209.16340759277352,191.51506866455077
257.1414869261132,141.54669088659836,121.45935708261248,../upper_nifti/case-102846_BONE_H-N-UXT_3X3.nii.gz,xz,154.93361328125002,5.0,223.00185791015628
257.1414869261132,144.19077798253238,121.45935708261248,../upper_nifti/case-102846_BONE_H-N-UXT_3X3.nii.gz,yz,5.0,205.06216430664074,218.5418243408203
308.19441825658305,208.07651192624206,115.19259941873162,../upper_nifti/case-102849_BONE_H-N-UXT_3X3.nii.gz,xz,151.66222961425785,5.0,205.42688598632816
308.19441825658305,204.19077798253238,120.19259941873162,../upper_nifti/case-102849_BONE_H-N-UXT_3X3.nii.gz,yz,5.0,213.2646508789063,205.4268798828125
322.8318354501124,193.66736556230134,104.32173885512302,../upper_nifti/case-102856_BONE_H-N-UXT_3X3.nii.gz,xz,159.68752441406252,5.0,189.91767700195317
322.8318354501124,194.19077798253238,99.32173885512302,../upper_nifti/case-102856_BONE_H-N-UXT_3X3.nii.gz,yz,5.0,231.72024566650404,186.11932525634762
265.5896416011628,256.53864385951147,103.97762143279687,../upper_nifti/case-102870_BONE_H-N-UXT_3X3.nii.gz,xz,156.70113037109377,5.0,204.61800048828127
265.5896416011628,254.19077798253238,98.97762143279687,../upper_nifti/case-102870_BONE_H-N-UXT_3X3.nii.gz,yz,5.0,211.21402923583992,192.34091644287105
449.1446989375347,231.25108601621486,101.53626065677922,../upper_nifti/case-102886_BONE_H-N-UXT_3X3.nii.gz,xz,170.24894439697272,5.0,191.12853790283208
449.1446989375347,229.19077798253238,106.5362606567792,../upper_nifti/case-102886_BONE_H-N-UXT_3X3.nii.gz,yz,5.0,239.92273223876964,191.1285400390625
312.1133314621453,182.8549124481272,124.68616939091979,../upper_nifti/case-102894_BONE_H-N-UXT_3X3.nii.gz,xz,158.42097778320317,5.0,217.70406555175788
312.1133314621453,179.19077798253238,124.68616939091979,../upper_nifti/case-102894_BONE_H-N-UXT_3X3.nii.gz,yz,5.0,182.5053262329102,217.70407104492188
200.47586437348485,128.35042764986014,113.8935581581445,../upper_nifti/case-102904_BONE_H-N-UXT_3X3.nii.gz,xz,166.97200317382817,5.0,217.6516723632813
200.47586437348485,134.19077798253238,113.89355815814449,../upper_nifti/case-102904_BONE_H-N-UXT_3X3.nii.gz,yz,5.0,211.21402923583992,217.65167236328125
283.0328773781407,204.28055966946894,117.70448458825207,../upper_nifti/case-102913_BONE_H-N-UXT_3X3.nii.gz,xz,142.24710403442384,5.0,216.88869384765627
283.0328773781407,204.19077798253238,117.70448458825209,../upper_nifti/case-102913_BONE_H-N-UXT_3X3.nii.gz,yz,5.0,215.31527252197273,212.55091339111328
271.9874100129273,202.84658128583374,117.94549318047942,../upper_nifti/case-102935_BONE_H-N-UXT_3X3.nii.gz,xz,149.05814147949218,5.0,233.2492114257813
271.9874100129273,199.19077798253238,112.94549318047942,../upper_nifti/case-102935_BONE_H-N-UXT_3X3.nii.gz,yz,5.0,203.01154266357435,219.25425415039064
252.8661875054649,214.5469593171971,112.16716880638633,../upper_nifti/case-102941_BONE_H-N-UXT_3X3.nii.gz,xz,134.07330001831053,5.0,210.6866131591797
252.8661875054649,214.19077798253238,107.16716880638631,../upper_nifti/case-102941_BONE_H-N-UXT_3X3.nii.gz,yz,5.0,182.5053262329102,198.0454180908203
260.3986947294566,166.70700958391052,102.89325656146511,../upper_nifti/case-102949_BONE_H-N-UXT_3X3.nii.gz,xz,137.47297576904302,5.0,202.15109069824223
260.3986947294566,164.19077798253238,97.89325656146514,../upper_nifti/case-102949_BONE_H-N-UXT_3X3.nii.gz,yz,5.0,196.85967773437505,190.02202697753904
337.15922021558697,188.58295260992756,118.65737677069004,../upper_nifti/case-102950_BONE_H-N-UXT_3X3.nii.gz,xz,155.8715995788575,5.0,212.28347656250003
337.15922021558697,189.19077798253238,108.65737677069004,../upper_nifti/case-102950_BONE_H-N-UXT_3X3.nii.gz,yz,5.0,227.61900238037117,199.54646911621091
345.8020979835387,301.6557006754681,126.41919377971868,../upper_nifti/case-100182_BONE_H-N-UXT_3X3.nii.gz,xz,146.53600921630857,5.0,226.66703186035159
345.8020979835387,299.1907779825324,126.41919377971868,../upper_nifti/case-100182_BONE_H-N-UXT_3X3.nii.gz,yz,5.0,203.01154266357435,222.13369720458985
271.68371225297864,150.4770352404741,115.10892247585744,../upper_nifti/case-100284_BONE_H-N-UXT_3X3.nii.gz,xz,148.87098587036132,5.0,218.16309814453126
271.68371225297864,154.19077798253238,115.10892247585744,../upper_nifti/case-100284_BONE_H-N-UXT_3X3.nii.gz,yz,5.0,207.11278594970713,205.07331512451168
228.35239757411506,140.1543515250666,115.85098687224698,../upper_nifti/case-100387_BONE_H-N-UXT_3X3.nii.gz,xz,166.9021829223633,5.0,221.9259414672852
228.35239757411506,134.19077798253238,115.85098687224698,../upper_nifti/case-100387_BONE_H-N-UXT_3X3.nii.gz,yz,5.0,207.11278594970713,221.9259490966797
264.1472124066364,176.40441459803301,137.33710606546282,../upper_nifti/case-100693_BONE_H-N-UXT_3X3.nii.gz,xz,142.5877685546875,5.0,241.31780029296874
264.1472124066364,174.19077798253238,137.33710606546282,../upper_nifti/case-100693_BONE_H-N-UXT_3X3.nii.gz,yz,5.0,200.96092102050787,246.14415069580082
296.5900090253332,281.61252864773064,114.73943547649465,../upper_nifti/case-101152_BONE_H-N-UXT_3X3.nii.gz,xz,156.0546936035156,5.0,222.24350189208985
296.5900090253332,279.1907779825324,119.73943547649463,../upper_nifti/case-101152_BONE_H-N-UXT_3X3.nii.gz,yz,5.0,190.70781280517588,217.7986297607422
298.52212504100214,218.97019969123863,125.87520249983376,../upper_nifti/case-101510_BONE_H-N-UXT_3X3.nii.gz,xz,159.26210479736326,5.0,234.72981628417966
298.52212504100214,219.19077798253238,125.87520249983376,../upper_nifti/case-101510_BONE_H-N-UXT_3X3.nii.gz,yz,5.0,209.16340759277352,225.34062011718748
290.63439626186135,203.15913754412384,102.89085005092875,../upper_nifti/case-101625_BONE_H-N-UXT_3X3.nii.gz,xz,140.14383361816408,5.0,198.6877935791016
290.6343962618613,204.19077798253238,97.89085005092875,../upper_nifti/case-101625_BONE_H-N-UXT_3X3.nii.gz,yz,5.0,213.2646508789063,190.74027832031248
275.9970810339522,197.57378661939055,115.56906123142403,../upper_nifti/case-101835_BONE_H-N-UXT_3X3.nii.gz,xz,163.71791381835942,5.0,201.1135131835938
275.9970810339522,199.19077798253238,110.56906123142403,../upper_nifti/case-101835_BONE_H-N-UXT_3X3.nii.gz,yz,5.0,215.31527252197273,197.09123992919922
278.3712498772941,150.02307067479126,117.91327160371324,../upper_nifti/case-102010_BONE_H-N-UXT_3X3.nii.gz,xz,151.53343444824225,5.0,226.05807861328128
278.3712498772941,144.19077798253238,117.91327160371324,../upper_nifti/case-102010_BONE_H-N-UXT_3X3.nii.gz,yz,5.0,217.36589416503915,221.53691345214844
224.21281110263223,130.49251534165185,108.87148298575995,../upper_nifti/case-102308_BONE_H-N-UXT_3X3.nii.gz,xz,160.51057312011724,5.0,190.36521423339846
224.21281110263223,134.19077798253238,103.87148298575997,../upper_nifti/case-102308_BONE_H-N-UXT_3X3.nii.gz,yz,5.0,203.01154266357435,186.55791473388672
218.3183866432579,130.17924960807133,122.03213933203628,../upper_nifti/case-102965_BONE_H-N-UXT_3X3.nii.gz,xz,153.10556854248054,5.0,212.74097900390626
218.3183866432579,129.19077798253238,117.03213933203628,../upper_nifti/case-102965_BONE_H-N-UXT_3X3.nii.gz,yz,5.0,198.9102993774415,208.4861624145508
351.5771398088794,201.80713521333993,106.78430289375501,../upper_nifti/case-103211_BONE_H-N-UXT_3X3.nii.gz,xz,159.5166069030762,5.0,205.41283203125005
351.5771398088794,204.19077798253238,106.78430289375498,../upper_nifti/case-103211_BONE_H-N-UXT_3X3.nii.gz,yz,5.0,211.21402923583992,205.41282653808594
196.99109813042202,133.75430966148193,98.39942487934162,../upper_nifti/case-103397_BONE_H-N-UXT_3X3.nii.gz,xz,138.7652252197266,5.0,182.89448822021487
196.991098130422,134.19077798253238,93.39942487934162,../upper_nifti/case-103397_BONE_H-N-UXT_3X3.nii.gz,yz,5.0,190.70781280517588,182.8944854736328
289.28800683993506,211.68488657677642,114.24589165938903,../upper_nifti/case-101164_BONE_H-N-UXT_3X3.nii.gz,xz,151.02028320312502,5.0,188.28503082275392
289.28800683993506,214.19077798253238,114.24589165938903,../upper_nifti/case-101164_BONE_H-N-UXT_3X3.nii.gz,yz,5.0,221.467137451172,176.9879321289062
273.19059790591723,182.50357497578477,123.54041089945308,../upper_nifti/case-101183_BONE_H-N-UXT_3X3.nii.gz,xz,163.02734008789068,5.0,215.97484863281252
273.19059790591723,179.19077798253238,118.54041089945308,../upper_nifti/case-101183_BONE_H-N-UXT_3X3.nii.gz,yz,5.0,219.4165158081056,215.974853515625
318.0028215129688,220.00053656582833,110.6269771238792,../upper_nifti/case-101195_BONE_H-N-UXT_3X3.nii.gz,xz,132.42269653320318,5.0,205.80555419921876
318.0028215129688,224.19077798253238,105.6269771238792,../upper_nifti/case-101195_BONE_H-N-UXT_3X3.nii.gz,yz,5.0,225.56838073730478,193.45722381591796
251.52243499955944,160.2917345052121,99.16722867084133,../upper_nifti/case-101206_BONE_H-N-UXT_3X3.nii.gz,xz,167.59431823730472,5.0,207.44807617187502
251.52243499955944,159.19077798253238,94.16722867084133,../upper_nifti/case-101206_BONE_H-N-UXT_3X3.nii.gz,yz,5.0,227.61900238037117,190.8522283935547
298.76880499795595,241.0124935785081,114.55789253124152,../upper_nifti/case-101213_BONE_H-N-UXT_3X3.nii.gz,xz,147.04180603027342,5.0,213.25041992187505
298.76880499795595,244.19077798253238,114.55789253124152,../upper_nifti/case-101213_BONE_H-N-UXT_3X3.nii.gz,yz,5.0,217.36589416503918,208.98541870117185
285.7379238599002,186.07079042538726,123.45474953282923,../upper_nifti/case-101362_BONE_H-N-UXT_3X3.nii.gz,xz,176.81328735351565,5.0,218.64879577636725
285.7379238599002,184.19077798253238,118.45474953282923,../upper_nifti/case-101362_BONE_H-N-UXT_3X3.nii.gz,yz,5.0,194.80905609130866,218.64878845214844
242.93810206137186,159.14259818517468,112.6785845728595,../upper_nifti/case-101367_BONE_H-N-UXT_3X3.nii.gz,xz,155.77025894165038,5.0,224.59958679199224
242.93810206137184,159.19077798253238,112.6785845728595,../upper_nifti/case-101367_BONE_H-N-UXT_3X3.nii.gz,yz,5.0,203.01154266357435,224.59959411621094
265.142453797458,140.73022718457312,113.18080494159041,../upper_nifti/case-101377_BONE_H-N-UXT_3X3.nii.gz,xz,159.9881372070313,5.0,216.11345520019535
265.142453797458,139.19077798253238,113.1808049415904,../upper_nifti/case-101377_BONE_H-N-UXT_3X3.nii.gz,yz,5.0,198.9102993774415,207.46891113281248
318.3057647525352,198.90860455489394,99.64619069010617,../upper_nifti/case-101387_BONE_H-N-UXT_3X3.nii.gz,xz,144.55227539062503,5.0,185.1197021484375
318.3057647525352,199.19077798253238,99.64619069010618,../upper_nifti/case-101387_BONE_H-N-UXT_3X3.nii.gz,yz,5.0,211.21402923583992,181.41731109619144
256.5801543462801,137.16168095663608,125.0449390417696,../upper_nifti/case-101405_BONE_H-N-UXT_3X3.nii.gz,xz,144.72848632812497,5.0,217.55365936279298
256.5801543462801,134.19077798253238,120.0449390417696,../upper_nifti/case-101405_BONE_H-N-UXT_3X3.nii.gz,yz,5.0,178.4040829467774,204.50044525146484
283.53379538609477,184.53099836963457,120.15336941516176,../upper_nifti/case-101409_BONE_H-N-UXT_3X3.nii.gz,xz,153.979214630127,5.0,215.74741119384765
283.5337953860948,184.19077798253238,120.15336941516176,../upper_nifti/case-101409_BONE_H-N-UXT_3X3.nii.gz,yz,5.0,213.2646508789063,215.74740600585938
315.5856072380816,164.2472778752478,110.23086175833384,../upper_nifti/case-101413_BONE_H-N-UXT_3X3.nii.gz,xz,154.31214385986334,5.0,212.13580322265625
315.5856072380816,164.19077798253238,115.23086175833384,../upper_nifti/case-101413_BONE_H-N-UXT_3X3.nii.gz,yz,5.0,209.16340759277352,212.13580322265625
327.8945342210359,187.3836838671444,113.07692349534808,../upper_nifti/case-101423_BONE_H-N-UXT_3X3.nii.gz,xz,155.74162353515624,5.0,201.47845031738285
327.8945342210359,189.19077798253238,108.0769234953481,../upper_nifti/case-101423_BONE_H-N-UXT_3X3.nii.gz,yz,5.0,205.06216430664074,197.44888549804688
204.00819076840486,136.060371115566,113.19144978217358,../upper_nifti/case-101425_BONE_H-N-UXT_3X3.nii.gz,xz,154.14164428710941,5.0,212.88866210937505
204.0081907684049,134.19077798253238,113.19144978217358,../upper_nifti/case-101425_BONE_H-N-UXT_3X3.nii.gz,yz,5.0,198.9102993774415,204.3731103515625
246.79871586013974,125.1463038710791,113.31364661499106,../upper_nifti/case-101427_BONE_H-N-UXT_3X3.nii.gz,xz,151.25196716308596,5.0,202.10855529785158
246.79871586013974,124.19077798253238,113.31364661499106,../upper_nifti/case-101427_BONE_H-N-UXT_3X3.nii.gz,yz,5.0,211.21402923583992,198.06638000488283
365.7517288600343,243.17272666591822,97.26749610971265,../upper_nifti/case-101440_BONE_H-N-UXT_3X3.nii.gz,xz,145.60429885864255,5.0,180.93861816406252
365.7517288600343,244.19077798253238,97.26749610971264,../upper_nifti/case-101440_BONE_H-N-UXT_3X3.nii.gz,yz,5.0,233.77086730957046,180.93861389160156
196.28531430026533,130.01607606375256,107.75361488552953,../upper_nifti/case-101447_BONE_H-N-UXT_3X3.nii.gz,xz,159.1830935668945,5.0,207.06919250488284
196.28531430026533,129.19077798253238,107.75361488552952,../upper_nifti/case-101447_BONE_H-N-UXT_3X3.nii.gz,yz,5.0,196.85967773437505,207.06919860839844
333.06222090377037,239.6385648759679,120.2288091554887,../upper_nifti/case-101451_BONE_H-N-UXT_3X3.nii.gz,xz,154.55717407226564,5.0,217.7181546020508
333.0622209037704,244.19077798253238,115.2288091554887,../upper_nifti/case-101451_BONE_H-N-UXT_3X3.nii.gz,yz,5.0,172.25221801757814,217.71815490722656
268.4922329028521,168.88271456639677,110.09147634575703,../upper_nifti/case-101457_BONE_H-N-UXT_3X3.nii.gz,xz,146.68130859375003,5.0,206.78952636718753
268.4922329028521,164.19077798253238,105.09147634575703,../upper_nifti/case-101457_BONE_H-N-UXT_3X3.nii.gz,yz,5.0,209.16340759277352,194.38214904785156
269.13502236819227,152.83184608286746,111.32806147408542,../upper_nifti/case-101478_BONE_H-N-UXT_3X3.nii.gz,xz,148.9395384216309,5.0,205.4823385620117
269.13502236819227,154.19077798253238,111.32806147408542,../upper_nifti/case-101478_BONE_H-N-UXT_3X3.nii.gz,yz,5.0,207.11278594970713,205.4823455810547
196.29564522088748,136.62693218418804,127.20706100245627,../upper_nifti/case-101496_BONE_H-N-UXT_3X3.nii.gz,xz,158.43076660156248,5.0,236.9167248535157
196.29564522088748,134.19077798253238,127.20706100245627,../upper_nifti/case-101496_BONE_H-N-UXT_3X3.nii.gz,yz,5.0,186.60656951904303,232.17838317871093
254.12050044106132,180.1728685090862,124.18015431782507,../upper_nifti/case-101507_BONE_H-N-UXT_3X3.nii.gz,xz,158.32282470703126,5.0,232.66106109619142
254.12050044106127,179.19077798253238,124.18015431782509,../upper_nifti/case-101507_BONE_H-N-UXT_3X3.nii.gz,yz,5.0,176.35346130371101,232.6610565185547
320.52867207525117,208.56766865458013,107.21758408807116,../upper_nifti/case-101509_BONE_H-N-UXT_3X3.nii.gz,xz,148.59690307617188,5.0,198.4211224365235
320.5286720752512,209.19077798253238,107.21758408807116,../upper_nifti/case-101509_BONE_H-N-UXT_3X3.nii.gz,yz,5.0,207.11278594970713,198.42112731933594
220.68653389214754,184.16547354150381,101.91348873736706,../upper_nifti/case-105839_BONE_H-N-UXT_3X3.nii.gz,xz,137.0749905395508,5.0,190.51100463867192
220.68653389214757,184.19077798253238,101.91348873736706,../upper_nifti/case-105839_BONE_H-N-UXT_3X3.nii.gz,yz,5.0,194.80905609130866,190.51100158691406
310.6601657208952,208.5161273845124,109.90307922478164,../upper_nifti/case-105859_BONE_H-N-UXT_3X3.nii.gz,xz,159.7363223266602,5.0,205.51717529296877
310.6601657208952,204.19077798253238,109.90307922478164,../upper_nifti/case-105859_BONE_H-N-UXT_3X3.nii.gz,yz,5.0,186.606569519043,205.51718139648438
315.39258566642434,247.94454354843097,98.39203815202828,../upper_nifti/case-105862_BONE_H-N-UXT_3X3.nii.gz,xz,147.7396893310547,5.0,182.48559082031255
315.39258566642434,249.19077798253238,98.39203815202828,../upper_nifti/case-105862_BONE_H-N-UXT_3X3.nii.gz,yz,5.0,219.4165158081056,182.485595703125
217.78268098963758,131.00054778542815,105.81964087274665,../upper_nifti/case-105875_BONE_H-N-UXT_3X3.nii.gz,xz,155.80154205322268,5.0,208.2582009887696
217.7826809896376,129.19077798253238,105.81964087274665,../upper_nifti/case-105875_BONE_H-N-UXT_3X3.nii.gz,yz,5.0,207.11278594970713,195.76270233154293
297.88144693410305,198.19581199021385,116.49579264348205,../upper_nifti/case-105887_BONE_H-N-UXT_3X3.nii.gz,xz,152.518388671875,5.0,217.6706323242188
297.88144693410305,199.19077798253238,116.49579264348205,../upper_nifti/case-105887_BONE_H-N-UXT_3X3.nii.gz,yz,5.0,203.01154266357435,217.67063903808594
283.06047757766777,151.12630017493706,92.37114754809696,../upper_nifti/case-105893_BONE_H-N-UXT_3X3.nii.gz,xz,136.06661865234378,5.0,161.4419458007813
283.06047757766777,149.19077798253238,92.37114754809696,../upper_nifti/case-105893_BONE_H-N-UXT_3X3.nii.gz,yz,5.0,211.21402923583992,161.4419403076172
309.8742680021201,179.49003349486944,132.8206173003625,../upper_nifti/case-105908_BONE_H-N-UXT_3X3.nii.gz,xz,189.98358764648438,5.0,207.81131317138676
309.8742680021201,184.19077798253238,122.8206173003625,../upper_nifti/case-105908_BONE_H-N-UXT_3X3.nii.gz,yz,5.0,133.29040679931643,207.81130981445312
204.92040920459786,136.03625562397553,108.72059105976712,../upper_nifti/case-105909_BONE_H-N-UXT_3X3.nii.gz,xz,153.42444839477542,5.0,190.2871032714844
204.92040920459783,134.19077798253238,108.72059105976712,../upper_nifti/case-105909_BONE_H-N-UXT_3X3.nii.gz,yz,5.0,196.85967773437505,190.287109375
264.79698123982575,142.18023557554704,112.51744352416267,../upper_nifti/case-105913_BONE_H-N-UXT_3X3.nii.gz,xz,143.7198074340821,5.0,205.95275787353518
264.7969812398257,139.19077798253238,112.51744352416269,../upper_nifti/case-105913_BONE_H-N-UXT_3X3.nii.gz,yz,5.0,182.5053262329102,205.9527587890625
351.76408811430395,229.19077798253238,114.04424335022433,../upper_nifti/case-105915_BONE_H-N-UXT_3X3.nii.gz,xz,141.80388885498053,5.0,207.9530731201172
351.76408811430395,164.19077798253238,114.04424335022432,../upper_nifti/case-105915_BONE_H-N-UXT_3X3.nii.gz,yz,5.0,182.5053262329102,207.9530792236328
201.76408811430395,229.19077798253238,99.04424335022433,../upper_nifti/case-105924_BONE_H-N-UXT_3X3.nii.gz,xz,132.86130126953128,5.0,170.14342346191404
201.764088114304,129.19077798253238,99.04424335022432,../upper_nifti/case-105924_BONE_H-N-UXT_3X3.nii.gz,yz,5.0,207.11278594970713,170.14341735839844
291.76408811430395,229.19077798253238,109.04424335022433,../upper_nifti/case-105937_BONE_H-N-UXT_3X3.nii.gz,xz,146.91393890380868,5.0,192.82921325683594
291.76408811430395,254.19077798253238,109.04424335022432,../upper_nifti/case-105937_BONE_H-N-UXT_3X3.nii.gz,yz,5.0,223.5177590942384,185.1160400390625
371.76408811430395,229.19077798253238,109.04424335022433,../upper_nifti/case-105955_BONE_H-N-UXT_3X3.nii.gz,xz,153.3015014648438,5.0,189.04824829101562
371.764088114304,239.19077798253238,104.04424335022432,../upper_nifti/case-105955_BONE_H-N-UXT_3X3.nii.gz,yz,5.0,223.5177590942384,185.2672833251953
291.76408811430395,229.19077798253238,114.04424335022433,../upper_nifti/case-105971_BONE_H-N-UXT_3X3.nii.gz,xz,141.80388885498053,5.0,200.39114318847658
291.76408811430395,159.19077798253238,114.04424335022432,../upper_nifti/case-105971_BONE_H-N-UXT_3X3.nii.gz,yz,5.0,174.30283966064462,208.4067895507813
236.76408811430395,229.19077798253238,99.04424335022433,../upper_nifti/case-105977_BONE_H-N-UXT_3X3.nii.gz,xz,140.52637634277355,5.0,196.61017822265626
236.76408811430395,234.19077798253238,94.04424335022432,../upper_nifti/case-105977_BONE_H-N-UXT_3X3.nii.gz,yz,5.0,217.36589416503918,184.8135726928711
326.76408811430395,229.19077798253238,104.04424335022433,../upper_nifti/case-106002_BONE_H-N-UXT_3X3.nii.gz,xz,143.0814013671876,5.0,200.39114318847658
326.76408811430395,249.19077798253238,104.04424335022432,../upper_nifti/case-106002_BONE_H-N-UXT_3X3.nii.gz,yz,5.0,198.91029937744153,184.35985229492184
251.76408811430395,229.19077798253238,109.04424335022433,../upper_nifti/case-106012_BONE_H-N-UXT_3X3.nii.gz,xz,139.2488638305665,5.0,189.04824829101562
251.76408811430395,134.19077798253238,109.04424335022432,../upper_nifti/case-106012_BONE_H-N-UXT_3X3.nii.gz,yz,5.0,205.06216430664074,204.1721081542969
226.76408811430395,229.19077798253238,114.04424335022433,../upper_nifti/case-106016_BONE_H-N-UXT_3X3.nii.gz,xz,154.57901397705086,5.0,207.9530731201172
226.76408811430395,189.19077798253238,114.04424335022432,../upper_nifti/case-106016_BONE_H-N-UXT_3X3.nii.gz,yz,5.0,225.56838073730478,203.79401763916013
366.76408811430395,229.19077798253238,134.04424335022435,../upper_nifti/case-106017_BONE_H-N-UXT_3X3.nii.gz,xz,217.17712707519547,5.0,241.98175781250006
366.764088114304,234.19077798253238,134.04424335022435,../upper_nifti/case-106017_BONE_H-N-UXT_3X3.nii.gz,yz,5.0,172.25221801757814,241.98175048828125
251.76408811430395,229.19077798253238,124.04424335022435,../upper_nifti/case-106022_BONE_H-N-UXT_3X3.nii.gz,xz,155.85652648925793,5.0,196.61017822265626
251.76408811430395,164.19077798253238,119.04424335022436,../upper_nifti/case-106022_BONE_H-N-UXT_3X3.nii.gz,yz,5.0,215.31527252197273,196.6101837158203
296.76408811430395,229.19077798253238,104.04424335022433,../upper_nifti/case-106036_BONE_H-N-UXT_3X3.nii.gz,xz,145.63642639160162,5.0,207.9530731201172
296.76408811430395,224.19077798253238,104.04424335022432,../upper_nifti/case-106036_BONE_H-N-UXT_3X3.nii.gz,yz,5.0,209.16340759277352,199.6349560546875
266.76408811430395,229.19077798253238,119.04424335022433,../upper_nifti/case-106039_BONE_H-N-UXT_3X3.nii.gz,xz,136.69383880615237,5.0,196.61017822265626
266.76408811430395,169.19077798253238,114.04424335022432,../upper_nifti/case-106039_BONE_H-N-UXT_3X3.nii.gz,yz,5.0,194.80905609130866,196.6101837158203
246.76408811430395,229.19077798253238,119.04424335022435,../upper_nifti/case-106044_BONE_H-N-UXT_3X3.nii.gz,xz,144.35891387939458,5.0,192.82921325683594
246.76408811430397,144.19077798253238,114.04424335022435,../upper_nifti/case-106044_BONE_H-N-UXT_3X3.nii.gz,yz,5.0,192.75843444824227,204.39896087646486
176.5697629928664,141.3708430035236,143.62531984144323,../upper_nifti/case-103543_BONE_H-N-UXT_3X3.nii.gz,xz,199.1695220947266,5.0,185.74633850097655
176.5697629928664,139.19077798253238,143.62531984144323,../upper_nifti/case-103543_BONE_H-N-UXT_3X3.nii.gz,yz,5.0,114.83481201171878,200.60604492187503
245.47693368651528,173.22417651807126,125.06857942745646,../upper_nifti/case-103559_BONE_H-N-UXT_3X3.nii.gz,xz,163.01506622314457,5.0,226.20208587646488
245.47693368651528,169.19077798253238,120.06857942745646,../upper_nifti/case-103559_BONE_H-N-UXT_3X3.nii.gz,yz,5.0,213.2646508789063,221.6780456542969
375.82855484983315,258.5063445575622,124.96216384866642,../upper_nifti/case-103565_BONE_H-N-UXT_3X3.nii.gz,xz,177.5243572998047,5.0,227.48888122558594
375.8285548498332,264.1907779825324,119.96216384866642,../upper_nifti/case-103565_BONE_H-N-UXT_3X3.nii.gz,yz,5.0,157.89786651611337,222.939098815918
222.24421760463923,132.02526887148014,112.30955960839148,../upper_nifti/case-103601_BONE_H-N-UXT_3X3.nii.gz,xz,160.82074584960938,5.0,205.61165771484377
222.24421760463923,134.19077798253238,107.30955960839148,../upper_nifti/case-103601_BONE_H-N-UXT_3X3.nii.gz,yz,5.0,211.21402923583992,197.387197265625
245.65525876379238,185.67549495299994,113.07928424193513,../upper_nifti/case-103609_BONE_H-N-UXT_3X3.nii.gz,xz,155.61647094726567,5.0,203.51753997802737
245.6552587637924,184.19077798253238,108.07928424193511,../upper_nifti/case-103609_BONE_H-N-UXT_3X3.nii.gz,yz,5.0,207.11278594970713,195.376845703125
258.96611833650275,200.23808813586723,109.1748899088884,../upper_nifti/case-104447_BONE_H-N-UXT_3X3.nii.gz,xz,158.12808593750003,5.0,216.40532470703127
258.96611833650275,199.19077798253238,109.1748899088884,../upper_nifti/case-104447_BONE_H-N-UXT_3X3.nii.gz,yz,5.0,207.11278594970713,216.4053192138672
248.79842809961934,156.06178540849925,105.09261296757842,../upper_nifti/case-104450_BONE_H-N-UXT_3X3.nii.gz,xz,157.02325683593756,5.0,208.5132705688477
248.79842809961934,159.19077798253238,105.09261296757842,../upper_nifti/case-104450_BONE_H-N-UXT_3X3.nii.gz,yz,5.0,194.80905609130866,200.172744140625
242.8014916406039,158.2170805679912,100.7528257556101,../upper_nifti/case-104467_BONE_H-N-UXT_3X3.nii.gz,xz,152.104384765625,5.0,198.78298156738288
242.8014916406039,159.19077798253238,105.7528257556101,../upper_nifti/case-104467_BONE_H-N-UXT_3X3.nii.gz,yz,5.0,213.2646508789063,198.78297424316406
386.18067122909724,207.44958418655293,106.95561529998062,../upper_nifti/case-104476_BONE_H-N-UXT_3X3.nii.gz,xz,153.17413253784184,5.0,210.9496133422852
386.1806712290973,209.19077798253238,111.95561529998062,../upper_nifti/case-104476_BONE_H-N-UXT_3X3.nii.gz,yz,5.0,192.75843444824227,215.16860778808592
305.44869945055365,176.70865258139793,106.34187014234742,../upper_nifti/case-104494_BONE_H-N-UXT_3X3.nii.gz,xz,155.19210205078127,5.0,188.99273071289065
305.44869945055365,179.19077798253238,101.34187014234743,../upper_nifti/case-104494_BONE_H-N-UXT_3X3.nii.gz,yz,5.0,213.2646508789063,188.99273681640625
243.61861145071168,147.5992794198225,97.22831603030828,../upper_nifti/case-104508_BONE_H-N-UXT_3X3.nii.gz,xz,173.16057128906255,5.0,185.57648040771488
243.61861145071168,144.19077798253238,102.22831603030826,../upper_nifti/case-104508_BONE_H-N-UXT_3X3.nii.gz,yz,5.0,221.467137451172,178.15341796875003
368.80746364020075,217.8151632539684,108.95046543289584,../upper_nifti/case-104509_BONE_H-N-UXT_3X3.nii.gz,xz,144.3747117614746,5.0,185.83231201171878
368.8074636402008,219.19077798253238,103.95046543289584,../upper_nifti/case-104509_BONE_H-N-UXT_3X3.nii.gz,yz,5.0,194.80905609130866,185.83230590820312
309.2578678027209,198.50747840060262,101.92709645467257,../upper_nifti/case-104511_BONE_H-N-UXT_3X3.nii.gz,xz,149.370986328125,5.0,189.36843750000003
309.2578678027209,194.19077798253238,101.92709645467255,../upper_nifti/case-104511_BONE_H-N-UXT_3X3.nii.gz,yz,5.0,205.06216430664074,189.36843872070312
274.1830416508608,229.97060500066593,92.50776186029347,../upper_nifti/case-104516_BONE_H-N-UXT_3X3.nii.gz,xz,162.3067999267578,5.0,176.42933349609376
274.1830416508608,229.19077798253238,92.50776186029347,../upper_nifti/case-104516_BONE_H-N-UXT_3X3.nii.gz,yz,5.0,225.56838073730478,176.42933654785156
254.93371597030625,153.30733826037078,105.48372255621348,../upper_nifti/case-104522_BONE_H-N-UXT_3X3.nii.gz,xz,140.28790908813482,5.0,185.19620697021486
254.93371597030625,154.19077798253238,100.48372255621348,../upper_nifti/case-104522_BONE_H-N-UXT_3X3.nii.gz,yz,5.0,209.16340759277352,177.78836425781253
304.0639211531948,177.8360368498835,102.2420861437587,../upper_nifti/case-104523_BONE_H-N-UXT_3X3.nii.gz,xz,144.56917144775397,5.0,196.82733856201176
304.0639211531948,179.19077798253238,97.2420861437587,../upper_nifti/case-104523_BONE_H-N-UXT_3X3.nii.gz,yz,5.0,207.11278594970713,188.95423828124999
245.6544587480228,162.5642421191332,101.46295417204777,../upper_nifti/case-104524_BONE_H-N-UXT_3X3.nii.gz,xz,135.29667083740236,5.0,193.6738558959961
245.6544587480228,164.19077798253238,96.46295417204777,../upper_nifti/case-104524_BONE_H-N-UXT_3X3.nii.gz,yz,5.0,221.467137451172,182.05342712402341
329.0243284825302,173.84105399184318,113.1573018497652,../upper_nifti/case-104530_BONE_H-N-UXT_3X3.nii.gz,xz,142.41228515625005,5.0,200.96185180664065
329.0243284825302,174.19077798253238,113.15730184976519,../upper_nifti/case-104530_BONE_H-N-UXT_3X3.nii.gz,yz,5.0,196.85967773437505,200.96185302734375
341.46902818163665,251.8721632114052,101.4444107576588,../upper_nifti/case-104533_BONE_H-N-UXT_3X3.nii.gz,xz,145.8723838806152,5.0,184.94078613281255
341.46902818163665,254.19077798253238,96.4444107576588,../upper_nifti/case-104533_BONE_H-N-UXT_3X3.nii.gz,yz,5.0,221.467137451172,184.94078063964844
244.10270653828232,127.47676783792981,110.18601148322222,../upper_nifti/case-104544_BONE_H-N-UXT_3X3.nii.gz,xz,144.22321472167974,4.999999999999986,205.12960784912116
244.10270653828232,129.19077798253238,110.18601148322222,../upper_nifti/case-104544_BONE_H-N-UXT_3X3.nii.gz,yz,5.0,217.36589416503915,205.12960815429688
274.37146719043886,140.79106236017466,98.4845240300329,../upper_nifti/case-104557_BONE_H-N-UXT_3X3.nii.gz,xz,153.71102142333984,5.0,191.61956359863285
274.37146719043886,139.19077798253238,93.4845240300329,../upper_nifti/case-104557_BONE_H-N-UXT_3X3.nii.gz,yz,5.0,196.85967773437505,180.1223937988281
273.00467245835415,209.41798774521027,122.8417997146999,../upper_nifti/case-104576_BONE_H-N-UXT_3X3.nii.gz,xz,145.53863159179687,5.0,223.93650604248046
273.0046724583541,209.19077798253238,117.8417997146999,../upper_nifti/case-104576_BONE_H-N-UXT_3X3.nii.gz,yz,5.0,207.11278594970713,206.02158752441403
285.03785080661856,141.30092531313585,121.32022363956241,../upper_nifti/case-104600_BONE_H-N-UXT_3X3.nii.gz,xz,137.63209457397465,5.0,216.86697052001955
285.03785080661856,139.19077798253238,116.32022363956241,../upper_nifti/case-104600_BONE_H-N-UXT_3X3.nii.gz,yz,5.0,196.85967773437505,208.19229492187503
258.0130903701513,189.96568685716994,108.64680738322527,../upper_nifti/case-104602_BONE_H-N-UXT_3X3.nii.gz,xz,155.38044677734376,5.0,207.27326629638674
258.0130903701513,194.19077798253238,108.64680738322528,../upper_nifti/case-104602_BONE_H-N-UXT_3X3.nii.gz,yz,5.0,215.31527252197273,207.2732696533203
194.98930638850766,208.0693275725047,115.63802545229503,../upper_nifti/case-104603_BONE_H-N-UXT_3X3.nii.gz,xz,152.31355133056638,5.0,210.9499496459961
194.9893063885077,209.19077798253238,115.63802545229504,../upper_nifti/case-104603_BONE_H-N-UXT_3X3.nii.gz,yz,5.0,209.16340759277352,210.949951171875
221.76408811430395,229.19077798253238,109.04424335022433,../upper_nifti/case-106301_BONE_H-N-UXT_3X3.nii.gz,xz,146.91393890380868,5.0,200.39114318847658
221.76408811430395,134.19077798253238,109.04424335022432,../upper_nifti/case-106301_BONE_H-N-UXT_3X3.nii.gz,yz,5.0,198.9102993774415,200.39114379882812
306.76408811430395,229.19077798253238,109.04424335022433,../upper_nifti/case-106309_BONE_H-N-UXT_3X3.nii.gz,xz,166.07662658691413,5.0,200.39114318847658
306.76408811430395,254.19077798253238,109.04424335022432,../upper_nifti/case-106309_BONE_H-N-UXT_3X3.nii.gz,yz,5.0,223.5177590942384,188.3676751708984
241.76408811430395,229.19077798253238,104.04424335022433,../upper_nifti/case-106329_BONE_H-N-UXT_3X3.nii.gz,xz,144.35891387939458,5.0,196.61017822265626
241.76408811430397,224.19077798253238,99.04424335022432,../upper_nifti/case-106329_BONE_H-N-UXT_3X3.nii.gz,yz,5.0,188.65719116210948,188.7457763671875
306.76408811430395,229.19077798253238,114.04424335022435,../upper_nifti/case-106340_BONE_H-N-UXT_3X3.nii.gz,xz,152.02398895263676,5.0,223.07693298339848
306.76408811430395,184.19077798253238,119.04424335022435,../upper_nifti/case-106340_BONE_H-N-UXT_3X3.nii.gz,yz,5.0,203.01154266357435,223.07693481445312
346.76408811430395,229.19077798253238,119.04424335022433,../upper_nifti/case-106344_BONE_H-N-UXT_3X3.nii.gz,xz,153.3015014648438,5.0,219.29596801757816
346.76408811430395,289.1907779825324,114.04424335022432,../upper_nifti/case-106344_BONE_H-N-UXT_3X3.nii.gz,yz,5.0,209.16340759277352,210.52413574218753
221.76408811430395,229.19077798253238,114.04424335022433,../upper_nifti/case-106361_BONE_H-N-UXT_3X3.nii.gz,xz,136.69383880615237,5.0,204.1721081542969
221.76408811430395,164.19077798253238,114.04424335022432,../upper_nifti/case-106361_BONE_H-N-UXT_3X3.nii.gz,yz,5.0,172.25221801757817,204.17210388183594
276.76408811430395,229.19077798253238,99.04424335022433,../upper_nifti/case-106371_BONE_H-N-UXT_3X3.nii.gz,xz,146.91393890380868,5.0,181.486318359375
276.76408811430395,204.19077798253238,99.04424335022432,../upper_nifti/case-106371_BONE_H-N-UXT_3X3.nii.gz,yz,5.0,217.36589416503918,170.59713409423824
266.76408811430395,229.19077798253238,104.04424335022433,../upper_nifti/case-106374_BONE_H-N-UXT_3X3.nii.gz,xz,130.30627624511726,5.0,185.2672833251953
266.76408811430395,169.19077798253238,99.04424335022432,../upper_nifti/case-106374_BONE_H-N-UXT_3X3.nii.gz,yz,5.0,194.80905609130866,185.2672882080078
331.76408811430395,229.19077798253238,114.04424335022433,../upper_nifti/case-106400_BONE_H-N-UXT_3X3.nii.gz,xz,143.0814013671876,5.0,200.39114318847658
331.76408811430395,214.19077798253238,109.04424335022432,../upper_nifti/case-106400_BONE_H-N-UXT_3X3.nii.gz,yz,5.0,198.91029937744153,200.39114379882812
231.76408811430395,229.19077798253238,109.04424335022433,../upper_nifti/case-106408_BONE_H-N-UXT_3X3.nii.gz,xz,129.0287637329102,5.0,185.2672833251953
231.76408811430395,144.19077798253238,109.04424335022432,../upper_nifti/case-106408_BONE_H-N-UXT_3X3.nii.gz,yz,5.0,219.4165158081056,185.2672882080078
271.76408811430395,229.19077798253238,119.04424335022435,../upper_nifti/case-106410_BONE_H-N-UXT_3X3.nii.gz,xz,145.63642639160162,5.0,211.73403808593753
271.76408811430395,179.19077798253238,119.04424335022435,../upper_nifti/case-106410_BONE_H-N-UXT_3X3.nii.gz,yz,5.0,207.11278594970713,211.73403930664062
271.76408811430395,229.19077798253238,99.04424335022433,../upper_nifti/case-106416_BONE_H-N-UXT_3X3.nii.gz,xz,158.41155151367195,5.0,192.82921325683594
271.76408811430395,199.19077798253238,99.04424335022432,../upper_nifti/case-106416_BONE_H-N-UXT_3X3.nii.gz,yz,5.0,225.56838073730478,192.82920837402344
266.76408811430395,229.19077798253238,104.04424335022433,../upper_nifti/case-106430_BONE_H-N-UXT_3X3.nii.gz,xz,132.86130126953128,5.0,185.2672833251953
266.76408811430395,179.19077798253238,104.04424335022432,../upper_nifti/case-106430_BONE_H-N-UXT_3X3.nii.gz,yz,5.0,196.85967773437505,185.2672882080078
331.76408811430395,229.19077798253238,119.04424335022433,../upper_nifti/case-106456_BONE_H-N-UXT_3X3.nii.gz,xz,155.85652648925793,5.0,196.61017822265626
331.76408811430395,219.19077798253238,114.04424335022432,../upper_nifti/case-106456_BONE_H-N-UXT_3X3.nii.gz,yz,5.0,215.31527252197273,196.6101837158203
251.76408811430395,229.19077798253238,99.04424335022433,../upper_nifti/case-106464_BONE_H-N-UXT_3X3.nii.gz,xz,145.63642639160162,5.0,185.2672833251953
251.76408811430395,144.19077798253238,94.04424335022432,../upper_nifti/case-106464_BONE_H-N-UXT_3X3.nii.gz,yz,5.0,223.5177590942384,177.85659667968747
291.76408811430395,229.19077798253238,104.04424335022433,../upper_nifti/case-106469_BONE_H-N-UXT_3X3.nii.gz,xz,154.57901397705086,5.0,196.61017822265626
291.76408811430395,249.19077798253238,99.04424335022432,../upper_nifti/case-106469_BONE_H-N-UXT_3X3.nii.gz,yz,5.0,198.91029937744153,188.7457763671875
241.76408811430395,229.19077798253238,104.04424335022433,../upper_nifti/case-106472_BONE_H-N-UXT_3X3.nii.gz,xz,159.68906402587902,5.0,192.82921325683594
241.764088114304,184.19077798253238,104.04424335022432,../upper_nifti/case-106472_BONE_H-N-UXT_3X3.nii.gz,yz,5.0,227.61900238037117,192.82920837402344
281.76408811430395,229.19077798253238,114.04424335022435,../upper_nifti/case-111666_BONE_H-N-UXT_3X3.nii.gz,xz,148.19145141601572,5.0,211.73403808593753
281.76408811430395,189.19077798253238,119.04424335022436,../upper_nifti/case-111666_BONE_H-N-UXT_3X3.nii.gz,yz,5.0,211.21402923583992,211.73403930664062
236.76408811430395,229.19077798253238,114.04424335022433,../upper_nifti/case-111685_BONE_H-N-UXT_3X3.nii.gz,xz,164.79911407470715,5.0,204.1721081542969
236.76408811430397,179.19077798253238,109.04424335022432,../upper_nifti/case-111685_BONE_H-N-UXT_3X3.nii.gz,yz,5.0,223.5177590942384,196.00521972656253
326.76408811430395,229.19077798253238,114.04424335022433,../upper_nifti/case-111755_BONE_H-N-UXT_3X3.nii.gz,xz,144.35891387939458,5.0,211.73403808593753
326.76408811430395,189.19077798253238,114.04424335022432,../upper_nifti/case-111755_BONE_H-N-UXT_3X3.nii.gz,yz,5.0,180.4547045898438,211.73403930664062
316.76408811430395,229.19077798253238,99.04424335022435,../upper_nifti/case-111791_BONE_H-N-UXT_3X3.nii.gz,xz,135.41632629394542,5.0,185.2672833251953
316.76408811430395,199.19077798253238,99.04424335022435,../upper_nifti/case-111791_BONE_H-N-UXT_3X3.nii.gz,yz,5.0,200.96092102050787,185.2672882080078
251.76408811430395,229.19077798253238,99.04424335022435,../upper_nifti/case-111819_BONE_H-N-UXT_3X3.nii.gz,xz,144.35891387939458,5.0,177.70535339355467
251.76408811430397,184.19077798253238,99.04424335022435,../upper_nifti/case-111819_BONE_H-N-UXT_3X3.nii.gz,yz,5.0,209.16340759277352,177.70535278320312
261.76408811430395,229.19077798253238,109.04424335022435,../upper_nifti/case-111827_BONE_H-N-UXT_3X3.nii.gz,xz,137.97135131835944,5.0,181.486318359375
261.76408811430395,224.19077798253238,109.04424335022435,../upper_nifti/case-111827_BONE_H-N-UXT_3X3.nii.gz,yz,5.0,246.0745971679689,181.48631286621094
346.76408811430395,229.19077798253238,119.04424335022433,../upper_nifti/case-111829_BONE_H-N-UXT_3X3.nii.gz,xz,148.19145141601575,5.0,215.51500305175784
346.76408811430395,234.19077798253238,114.04424335022432,../upper_nifti/case-111829_BONE_H-N-UXT_3X3.nii.gz,yz,5.0,223.5177590942384,202.58409942626952
316.76408811430395,229.19077798253238,109.04424335022433,../upper_nifti/case-111830_BONE_H-N-UXT_3X3.nii.gz,xz,145.63642639160162,5.0,196.61017822265626
316.76408811430395,174.19077798253238,104.04424335022432,../upper_nifti/case-111830_BONE_H-N-UXT_3X3.nii.gz,yz,5.0,211.21402923583992,188.7457763671875
276.76408811430395,229.19077798253238,114.04424335022433,../upper_nifti/case-111834_BONE_H-N-UXT_3X3.nii.gz,xz,152.02398895263676,5.0,200.39114318847658
276.76408811430395,194.19077798253238,114.04424335022432,../upper_nifti/case-111834_BONE_H-N-UXT_3X3.nii.gz,yz,5.0,198.91029937744153,200.39114379882812
251.76408811430395,229.19077798253238,99.04424335022433,../upper_nifti/case-111848_BONE_H-N-UXT_3X3.nii.gz,xz,162.24408905029304,5.0,189.04824829101562
251.76408811430395,209.19077798253238,99.04424335022432,../upper_nifti/case-111848_BONE_H-N-UXT_3X3.nii.gz,yz,5.0,239.92273223876964,181.486318359375
286.76408811430395,229.19077798253238,119.04424335022433,../upper_nifti/case-111863_BONE_H-N-UXT_3X3.nii.gz,xz,137.97135131835944,5.0,211.73403808593753
286.76408811430395,179.19077798253238,119.04424335022432,../upper_nifti/case-111863_BONE_H-N-UXT_3X3.nii.gz,yz,5.0,207.11278594970713,211.73403930664062
321.76408811430395,229.19077798253238,124.04424335022433,../upper_nifti/case-111923_BONE_H-N-UXT_3X3.nii.gz,xz,149.4689639282227,5.0,241.98175781250004
321.76408811430395,239.19077798253238,124.04424335022432,../upper_nifti/case-111923_BONE_H-N-UXT_3X3.nii.gz,yz,5.0,209.16340759277352,232.30248046875
356.76408811430395,229.19077798253238,104.04424335022433,../upper_nifti/case-111924_BONE_H-N-UXT_3X3.nii.gz,xz,149.4689639282227,5.0,200.39114318847658
356.76408811430395,239.19077798253238,99.04424335022432,../upper_nifti/case-111924_BONE_H-N-UXT_3X3.nii.gz,yz,5.0,209.16340759277352,188.3676751708984
356.76408811430395,229.19077798253238,124.04424335022435,../upper_nifti/case-111948_BONE_H-N-UXT_3X3.nii.gz,xz,160.96657653808597,5.0,211.73403808593753
356.76408811430395,339.1907779825324,129.04424335022435,../upper_nifti/case-111948_BONE_H-N-UXT_3X3.nii.gz,yz,5.0,205.06216430664074,220.20340087890622
291.76408811430395,229.19077798253238,104.04424335022433,../upper_nifti/case-112016_BONE_H-N-UXT_3X3.nii.gz,xz,157.13403900146488,5.0,200.39114318847658
291.76408811430395,189.19077798253238,104.04424335022432,../upper_nifti/case-112016_BONE_H-N-UXT_3X3.nii.gz,yz,5.0,203.01154266357435,200.39114379882812
261.76408811430395,229.19077798253238,129.04424335022435,../upper_nifti/case-112038_BONE_H-N-UXT_3X3.nii.gz,xz,157.13403900146488,5.0,215.51500305175784
261.76408811430395,134.19077798253238,129.04424335022435,../upper_nifti/case-112038_BONE_H-N-UXT_3X3.nii.gz,yz,5.0,198.9102993774415,215.51499938964844
321.76408811430395,229.19077798253238,124.04424335022435,../upper_nifti/case-112071_BONE_H-N-UXT_3X3.nii.gz,xz,152.02398895263676,5.0,223.07693298339848
321.76408811430395,224.19077798253238,119.04424335022435,../upper_nifti/case-112071_BONE_H-N-UXT_3X3.nii.gz,yz,5.0,217.36589416503918,218.61539611816409
191.76408811430395,229.19077798253238,124.04424335022435,../upper_nifti/case-112086_BONE_H-N-UXT_3X3.nii.gz,xz,155.85652648925793,5.0,219.29596801757816
191.76408811430395,154.19077798253238,124.04424335022435,../upper_nifti/case-112086_BONE_H-N-UXT_3X3.nii.gz,yz,5.0,196.85967773437505,223.68189422607423
301.76408811430395,229.19077798253238,109.04424335022433,../upper_nifti/case-112088_BONE_H-N-UXT_3X3.nii.gz,xz,162.24408905029304,5.0,196.61017822265626
301.76408811430395,249.19077798253238,109.04424335022432,../upper_nifti/case-112088_BONE_H-N-UXT_3X3.nii.gz,yz,5.0,196.85967773437505,196.6101837158203
236.76408811430395,229.19077798253238,99.04424335022433,../upper_nifti/case-112092_BONE_H-N-UXT_3X3.nii.gz,xz,136.69383880615237,5.0,181.486318359375
236.76408811430395,179.19077798253238,94.04424335022432,../upper_nifti/case-112092_BONE_H-N-UXT_3X3.nii.gz,yz,5.0,203.01154266357435,188.74576538085938
273.24779701596395,140.77857891273462,119.95077271352557,../upper_nifti/case-100389_BONE_H-N-UXT_3X3.nii.gz,xz,158.39850952148444,5.0,214.1109121704102
273.24779701596395,139.19077798253238,114.95077271352557,../upper_nifti/case-100389_BONE_H-N-UXT_3X3.nii.gz,yz,5.0,200.9609210205079,209.8286978149414
297.49578927162645,199.02249398603445,112.83404008036437,../upper_nifti/case-100398_BONE_H-N-UXT_3X3.nii.gz,xz,161.60747772216803,5.0,214.80652587890629
297.49578927162645,194.19077798253238,112.83404008036436,../upper_nifti/case-100398_BONE_H-N-UXT_3X3.nii.gz,yz,5.0,211.21402923583992,206.21425781249997
216.84490402387058,129.1254215760743,123.21925000698627,../upper_nifti/case-100418_BONE_H-N-UXT_3X3.nii.gz,xz,152.04833984375,5.0,219.977614440918
216.84490402387053,129.19077798253238,123.2192500069863,../upper_nifti/case-100418_BONE_H-N-UXT_3X3.nii.gz,yz,5.0,188.65719116210948,219.9776153564453
296.69964906658004,268.8629952668954,113.20675150379952,../upper_nifti/case-100429_BONE_H-N-UXT_3X3.nii.gz,xz,143.4894561767578,5.0,213.4453530883789
296.69964906658004,269.1907779825324,108.20675150379952,../upper_nifti/case-100429_BONE_H-N-UXT_3X3.nii.gz,yz,5.0,184.55594787597667,213.4453582763672
352.9964740813752,230.72005735074126,118.81582930963665,../upper_nifti/case-100442_BONE_H-N-UXT_3X3.nii.gz,xz,156.54314361572267,5.0,211.43153076171876
352.9964740813752,229.19077798253238,118.81582930963663,../upper_nifti/case-100442_BONE_H-N-UXT_3X3.nii.gz,yz,5.0,192.75843444824227,211.43153381347656
269.84713978104776,174.10461845632753,138.26160263219387,../upper_nifti/case-100478_BONE_H-N-UXT_3X3.nii.gz,xz,156.33374053955083,5.0,244.52202209472657
269.84713978104776,179.19077798253238,133.26160263219387,../upper_nifti/case-100478_BONE_H-N-UXT_3X3.nii.gz,yz,5.0,186.606569519043,229.85069732666017
207.14787435847592,131.84895624172105,115.90334245925037,../upper_nifti/case-100487_BONE_H-N-UXT_3X3.nii.gz,xz,154.40421997070314,5.0,209.01157470703126
207.14787435847592,129.19077798253238,110.90334245925035,../upper_nifti/case-100487_BONE_H-N-UXT_3X3.nii.gz,yz,5.0,176.35346130371101,204.83134979248047
243.7351729671518,120.95007638888625,115.66294089474714,../upper_nifti/case-100491_BONE_H-N-UXT_3X3.nii.gz,xz,146.1974464416504,5.0,205.87968017578126
243.7351729671518,124.19077798253238,115.66294089474715,../upper_nifti/case-100491_BONE_H-N-UXT_3X3.nii.gz,yz,5.0,180.4547045898438,205.8796844482422
266.5223741073283,177.02317953662168,112.72698644199184,../upper_nifti/case-100515_BONE_H-N-UXT_3X3.nii.gz,xz,139.68802185058598,5.0,185.64680938720704
266.5223741073283,179.19077798253238,107.72698644199184,../upper_nifti/case-100515_BONE_H-N-UXT_3X3.nii.gz,yz,5.0,219.4165158081056,185.6468048095703
285.8489997861679,218.10768287476338,102.49145466881814,../upper_nifti/case-100516_BONE_H-N-UXT_3X3.nii.gz,xz,153.7451156616211,5.0,204.76939910888672
285.8489997861679,219.19077798253238,102.49145466881814,../upper_nifti/case-100516_BONE_H-N-UXT_3X3.nii.gz,yz,5.0,207.11278594970713,204.76939392089844
270.7841005434857,169.72829882475364,99.04751426864968,../upper_nifti/case-100518_BONE_H-N-UXT_3X3.nii.gz,xz,148.6659210205078,5.0,182.2687976074219
270.7841005434857,169.19077798253238,99.04751426864968,../upper_nifti/case-100518_BONE_H-N-UXT_3X3.nii.gz,yz,5.0,241.97335388183603,182.268798828125
287.380419749035,325.40648798297093,106.16310480144827,../upper_nifti/case-100530_BONE_H-N-UXT_3X3.nii.gz,xz,147.88683746337892,5.0,189.52275024414064
287.380419749035,324.1907779825324,101.1631048014483,../upper_nifti/case-100530_BONE_H-N-UXT_3X3.nii.gz,yz,5.0,215.31527252197273,189.5227508544922
298.276770295396,142.8122052188469,110.64931575775685,../upper_nifti/case-100541_BONE_H-N-UXT_3X3.nii.gz,xz,138.7379174804688,5.0,200.6013793945313
298.276770295396,144.19077798253238,110.64931575775685,../upper_nifti/case-100541_BONE_H-N-UXT_3X3.nii.gz,yz,5.0,186.60656951904303,200.60137939453125
384.6981397039673,237.39407054783499,107.98669360443888,../upper_nifti/case-100543_BONE_H-N-UXT_3X3.nii.gz,xz,164.74685577392574,5.0,193.65620849609377
384.6981397039673,239.19077798253238,102.98669360443887,../upper_nifti/case-100543_BONE_H-N-UXT_3X3.nii.gz,yz,5.0,229.6696240234376,185.90995605468748
265.8371491516506,147.95971726547603,107.67477388588264,../upper_nifti/case-100545_BONE_H-N-UXT_3X3.nii.gz,xz,148.9782254028321,5.0,207.55381774902344
265.8371491516506,149.19077798253238,107.67477388588264,../upper_nifti/case-100545_BONE_H-N-UXT_3X3.nii.gz,yz,5.0,200.9609210205079,207.55381774902344
321.7122804171463,319.22697176322424,112.45744695273531,../upper_nifti/case-100555_BONE_H-N-UXT_3X3.nii.gz,xz,163.84567138671878,5.0,205.69795257568362
321.7122804171463,319.1907779825324,117.45744695273532,../upper_nifti/case-100555_BONE_H-N-UXT_3X3.nii.gz,yz,5.0,221.467137451172,205.6979522705078
254.5068430891314,243.40658996746447,124.93392602354979,../upper_nifti/case-100559_BONE_H-N-UXT_3X3.nii.gz,xz,178.0216754150391,5.0,237.1697241210938
254.5068430891314,239.19077798253238,124.93392602354979,../upper_nifti/case-100559_BONE_H-N-UXT_3X3.nii.gz,yz,5.0,209.16340759277352,237.1697235107422
254.1407466165901,194.09869571802696,87.30497719532003,../upper_nifti/case-100575_BONE_H-N-UXT_3X3.nii.gz,xz,134.9295135498047,5.0,169.47216613769533
254.1407466165901,194.19077798253238,87.30497719532003,../upper_nifti/case-100575_BONE_H-N-UXT_3X3.nii.gz,yz,5.0,213.2646508789063,169.47216796875
405.44824376682067,200.61292940073926,108.97626163324277,../upper_nifti/case-100580_BONE_H-N-UXT_3X3.nii.gz,xz,195.8588745117188,5.0,198.57398803710942
405.4482437668207,199.19077798253238,103.97626163324276,../upper_nifti/case-100580_BONE_H-N-UXT_3X3.nii.gz,yz,5.0,200.96092102050787,190.6310302734375
272.6868444506883,252.18917114257397,118.85735633658118,../upper_nifti/case-100585_BONE_H-N-UXT_3X3.nii.gz,xz,148.1649291992188,5.0,194.78545074462892
272.6868444506883,249.19077798253238,113.85735633658118,../upper_nifti/case-100585_BONE_H-N-UXT_3X3.nii.gz,yz,5.0,203.01154266357435,190.88973724365235
214.06568473191996,120.07919847160576,115.41128225727712,../upper_nifti/case-100591_BONE_H-N-UXT_3X3.nii.gz,xz,150.7348046875,5.0,212.34610443115236
214.06568473192,124.19077798253238,115.41128225727712,../upper_nifti/case-100591_BONE_H-N-UXT_3X3.nii.gz,yz,5.0,196.85967773437505,212.34609985351562
271.6635772755984,170.1979134211104,90.08374720685366,../upper_nifti/case-101839_BONE_H-N-UXT_3X3.nii.gz,xz,136.70427520751957,5.0,165.4759326171875
271.6635772755984,169.19077798253238,90.08374720685366,../upper_nifti/case-101839_BONE_H-N-UXT_3X3.nii.gz,yz,5.0,227.61900238037117,165.47593688964844
331.5820793882157,199.8075118836307,111.97399547270587,../upper_nifti/case-101842_BONE_H-N-UXT_3X3.nii.gz,xz,149.22360107421878,5.0,198.2932257080078
331.5820793882157,199.19077798253238,111.97399547270587,../upper_nifti/case-101842_BONE_H-N-UXT_3X3.nii.gz,yz,5.0,184.55594787597667,198.29322814941406
224.36883069832686,122.31994130312455,112.35868402911362,../upper_nifti/case-101843_BONE_H-N-UXT_3X3.nii.gz,xz,152.2575164794922,5.0,198.28369873046876
224.36883069832692,124.19077798253238,112.35868402911362,../upper_nifti/case-101843_BONE_H-N-UXT_3X3.nii.gz,yz,5.0,207.11278594970713,194.31801757812497
273.2864779042369,154.73448789828373,111.38599028059187,../upper_nifti/case-101857_BONE_H-N-UXT_3X3.nii.gz,xz,153.55390121459962,5.0,201.4389489746094
273.2864779042369,159.19077798253238,106.3859902805919,../upper_nifti/case-101857_BONE_H-N-UXT_3X3.nii.gz,yz,5.0,188.65719116210948,193.38139160156248
290.4982414619001,214.7672918582084,123.33493244234725,../upper_nifti/case-101860_BONE_H-N-UXT_3X3.nii.gz,xz,151.8620086669922,5.0,220.09485107421875
290.4982414619001,209.19077798253238,123.33493244234725,../upper_nifti/case-101860_BONE_H-N-UXT_3X3.nii.gz,yz,5.0,229.6696240234376,220.0948486328125
258.309286212861,120.5513798575507,111.62574343139812,../upper_nifti/case-101877_BONE_H-N-UXT_3X3.nii.gz,xz,137.59223632812507,5.0,212.89218750000003
258.309286212861,119.19077798253238,111.62574343139812,../upper_nifti/case-101877_BONE_H-N-UXT_3X3.nii.gz,yz,5.0,180.4547045898438,212.89218139648438
305.9773923849724,207.2728686020607,115.94799381160249,../upper_nifti/case-101885_BONE_H-N-UXT_3X3.nii.gz,xz,144.4784478759766,5.0,211.29385803222658
305.9773923849724,209.19077798253238,115.94799381160249,../upper_nifti/case-101885_BONE_H-N-UXT_3X3.nii.gz,yz,5.0,215.31527252197273,198.61622253417966
221.22158687608672,185.58010258124426,130.8169828056985,../upper_nifti/case-101896_BONE_H-N-UXT_3X3.nii.gz,xz,165.99885986328124,5.0,232.24144439697267
221.22158687608672,184.19077798253238,125.8169828056985,../upper_nifti/case-101896_BONE_H-N-UXT_3X3.nii.gz,yz,5.0,188.65719116210948,227.59661102294922
199.3689173169749,107.03589007938609,123.54489889273023,../upper_nifti/case-101913_BONE_H-N-UXT_3X3.nii.gz,xz,149.72754821777346,5.0,218.90964355468753
199.3689173169749,109.19077798253238,118.54489889273026,../upper_nifti/case-101913_BONE_H-N-UXT_3X3.nii.gz,yz,5.0,184.55594787597664,205.77505920410158
272.06251740719387,150.4128790812665,121.89831462068678,../upper_nifti/case-101937_BONE_H-N-UXT_3X3.nii.gz,xz,158.20816894531254,5.0,223.5490319824219
272.06251740719387,154.19077798253238,116.89831462068679,../upper_nifti/case-101937_BONE_H-N-UXT_3X3.nii.gz,yz,5.0,213.2646508789063,210.13608489990236
276.6286411697824,193.83767084053372,108.97921290944593,../upper_nifti/case-101940_BONE_H-N-UXT_3X3.nii.gz,xz,154.80723571777344,5.0,196.20632263183595
276.6286411697824,194.19077798253238,103.97921290944592,../upper_nifti/case-101940_BONE_H-N-UXT_3X3.nii.gz,yz,5.0,225.56838073730478,184.43394958496089
257.37477570225,160.49683279404175,108.59047847605356,../upper_nifti/case-101944_BONE_H-N-UXT_3X3.nii.gz,xz,134.44513671874998,5.0,201.19066619873053
257.37477570225,164.19077798253238,103.59047847605356,../upper_nifti/case-101944_BONE_H-N-UXT_3X3.nii.gz,yz,5.0,217.36589416503918,193.14304687499998
258.235729916875,192.68829230523926,122.86263668483042,../upper_nifti/case-101982_BONE_H-N-UXT_3X3.nii.gz,xz,143.34307250976565,5.0,212.77824737548826
258.235729916875,189.19077798253238,122.86263668483042,../upper_nifti/case-101982_BONE_H-N-UXT_3X3.nii.gz,yz,5.0,176.35346130371101,212.7782440185547
247.22139542895866,154.547065388026,122.72816016066537,../upper_nifti/case-101990_BONE_H-N-UXT_3X3.nii.gz,xz,150.9775860595703,5.0,218.63789245605471
247.22139542895863,154.19077798253238,122.72816016066537,../upper_nifti/case-101990_BONE_H-N-UXT_3X3.nii.gz,yz,5.0,200.9609210205079,218.6378936767578
322.2246953434671,247.5907472678549,96.69420736796908,../upper_nifti/case-101998_BONE_H-N-UXT_3X3.nii.gz,xz,153.64119873046877,5.0,186.11176513671876
322.2246953434671,249.19077798253238,96.69420736796908,../upper_nifti/case-101998_BONE_H-N-UXT_3X3.nii.gz,yz,5.0,203.01154266357435,186.1117706298828
301.3041925540616,222.45531231400716,100.11986872139775,../upper_nifti/case-105120_BONE_H-N-UXT_3X3.nii.gz,xz,140.65098190307617,5.0,164.56201629638673
301.3041925540616,224.19077798253238,100.11986872139775,../upper_nifti/case-105120_BONE_H-N-UXT_3X3.nii.gz,yz,5.0,217.36589416503918,164.56201171875
252.05789372650986,171.15609832888805,132.2783556138071,../upper_nifti/case-105171_BONE_H-N-UXT_3X3.nii.gz,xz,144.60648040771483,5.0,233.14320068359376
252.05789372650983,174.19077798253238,127.2783556138071,../upper_nifti/case-105171_BONE_H-N-UXT_3X3.nii.gz,yz,5.0,180.4547045898438,223.81747558593747
226.2533089561548,150.62077577435903,109.77764096647783,../upper_nifti/case-105177_BONE_H-N-UXT_3X3.nii.gz,xz,159.5469256591797,5.0,199.2563851928711
226.2533089561548,149.19077798253238,104.77764096647786,../upper_nifti/case-105177_BONE_H-N-UXT_3X3.nii.gz,yz,5.0,213.2646508789063,187.30099548339842
250.61249090613148,147.84890611235008,106.5517466830495,../upper_nifti/case-105234_BONE_H-N-UXT_3X3.nii.gz,xz,143.92522888183592,5.0,196.99341613769533
250.61249090613148,149.19077798253238,101.5517466830495,../upper_nifti/case-105234_BONE_H-N-UXT_3X3.nii.gz,yz,5.0,219.4165158081056,189.11368652343748
244.1398530810369,153.58672942766904,137.58431362327838,../upper_nifti/case-105246_BONE_H-N-UXT_3X3.nii.gz,xz,146.2851669311524,5.0,234.49733825683597
244.1398530810369,154.19077798253238,137.58431362327838,../upper_nifti/case-105246_BONE_H-N-UXT_3X3.nii.gz,yz,5.0,196.85967773437505,234.49734497070312
232.19432528597596,138.51990075175968,115.51183506807743,../upper_nifti/case-105257_BONE_H-N-UXT_3X3.nii.gz,xz,152.48580078125002,5.0,210.98493286132816
232.194325285976,139.19077798253238,110.51183506807746,../upper_nifti/case-105257_BONE_H-N-UXT_3X3.nii.gz,yz,5.0,207.11278594970713,194.1061444091797
267.1763506486184,189.14247530432152,115.9848478395489,../upper_nifti/case-105288_BONE_H-N-UXT_3X3.nii.gz,xz,150.24187927246092,5.0,215.6117407226563
267.1763506486184,189.19077798253238,115.9848478395489,../upper_nifti/case-105288_BONE_H-N-UXT_3X3.nii.gz,yz,5.0,194.80905609130866,215.6117401123047
322.90609107756796,199.85192895340043,105.07818124313188,../upper_nifti/case-105312_BONE_H-N-UXT_3X3.nii.gz,xz,154.95056762695313,5.0,197.11950775146488
322.906091077568,199.19077798253238,105.0781812431319,../upper_nifti/case-105312_BONE_H-N-UXT_3X3.nii.gz,yz,5.0,227.61900238037117,197.1195068359375
248.91235178050422,131.66669501549114,119.29691937600151,../upper_nifti/case-105318_BONE_H-N-UXT_3X3.nii.gz,xz,146.37670349121092,5.0,216.66915893554693
248.91235178050425,134.19077798253238,114.29691937600151,../upper_nifti/case-105318_BONE_H-N-UXT_3X3.nii.gz,yz,5.0,194.80905609130866,203.66900939941405
224.58274354320994,141.4437969496637,110.62576056978499,../upper_nifti/case-105382_BONE_H-N-UXT_3X3.nii.gz,xz,144.1143870544434,5.0,199.16176574707035
224.58274354320997,139.19077798253238,105.625760569785,../upper_nifti/case-105382_BONE_H-N-UXT_3X3.nii.gz,yz,5.0,223.5177590942384,187.21205291748043
263.34107933367926,165.57326047013862,107.45602872238614,../upper_nifti/case-105440_BONE_H-N-UXT_3X3.nii.gz,xz,148.66790771484375,5.0,211.48667968750001
263.34107933367926,164.19077798253238,107.45602872238612,../upper_nifti/case-105440_BONE_H-N-UXT_3X3.nii.gz,yz,5.0,203.01154266357435,207.25694549560546
282.789907070901,130.9404107805439,108.46926829403597,../upper_nifti/case-105476_BONE_H-N-UXT_3X3.nii.gz,xz,150.23052612304693,5.0,208.41537109375003
282.789907070901,134.19077798253238,108.46926829403596,../upper_nifti/case-105476_BONE_H-N-UXT_3X3.nii.gz,yz,5.0,192.75843444824227,200.078759765625
402.37881412054764,293.9425345864062,111.05813116085008,../upper_nifti/case-105536_BONE_H-N-UXT_3X3.nii.gz,xz,148.22214721679688,5.0,201.95532379150393
402.3788141205477,294.1907779825324,106.05813116085008,../upper_nifti/case-105536_BONE_H-N-UXT_3X3.nii.gz,yz,5.0,215.31527252197273,197.91621582031252
261.57053626045706,214.22925742638134,129.01485240945863,../upper_nifti/case-105567_BONE_H-N-UXT_3X3.nii.gz,xz,156.49971069335936,5.0,234.78586181640628
261.57053626045706,214.19077798253238,119.01485240945863,../upper_nifti/case-105567_BONE_H-N-UXT_3X3.nii.gz,yz,5.0,203.01154266357435,220.69870666503903
354.54720101134654,199.32270818875986,117.82137653211774,../upper_nifti/case-105579_BONE_H-N-UXT_3X3.nii.gz,xz,151.7345959472657,5.0,222.91482421875003
354.54720101134654,199.19077798253238,117.82137653211774,../upper_nifti/case-105579_BONE_H-N-UXT_3X3.nii.gz,yz,5.0,215.31527252197273,222.91482543945312
278.5013831497989,245.1178311553981,128.14060672097426,../upper_nifti/case-105584_BONE_H-N-UXT_3X3.nii.gz,xz,155.94149597167973,5.0,236.49416564941407
278.5013831497989,244.19077798253238,128.14060672097426,../upper_nifti/case-105584_BONE_H-N-UXT_3X3.nii.gz,yz,5.0,207.11278594970713,236.49417114257812
246.01010962684882,169.70860206383594,97.88999625881323,../upper_nifti/case-105586_BONE_H-N-UXT_3X3.nii.gz,xz,157.64456054687503,5.0,183.20772033691406
246.01010962684882,169.19077798253238,97.88999625881324,../upper_nifti/case-105586_BONE_H-N-UXT_3X3.nii.gz,yz,5.0,215.31527252197273,183.2077178955078
272.67017645470156,143.07337659459373,109.30934042173426,../upper_nifti/case-105592_BONE_H-N-UXT_3X3.nii.gz,xz,148.84559402465823,5.0,202.87459411621097
272.6701764547016,144.19077798253238,109.30934042173428,../upper_nifti/case-105592_BONE_H-N-UXT_3X3.nii.gz,yz,5.0,192.75843444824227,194.75960449218752
304.34836842357055,264.9325187252797,96.61835633889262,../upper_nifti/case-105597_BONE_H-N-UXT_3X3.nii.gz,xz,144.35564727783208,5.0,180.85992309570315
304.34836842357055,264.1907779825324,96.61835633889262,../upper_nifti/case-105597_BONE_H-N-UXT_3X3.nii.gz,yz,5.0,233.77086730957046,188.09432128906252
251.84408595993642,148.89522227019853,106.29497813372564,../upper_nifti/case-105602_BONE_H-N-UXT_3X3.nii.gz,xz,145.38846908569337,5.0,197.7644467163086
251.84408595993642,149.19077798253238,101.29497813372564,../upper_nifti/case-105602_BONE_H-N-UXT_3X3.nii.gz,yz,5.0,215.31527252197273,185.89858306884764
